,Small-Low,Small-High,Big-Low,Big-High,Market ,Riskfree Rate
192607,1.37,-0.07,5.72,1.42,3.18,0.22
192608,0.61,5.38,2.72,6.32,2.89,0.25
192609,-2.68,-0.44,1.43,-0.80,0.59,0.23
192610,-3.54,-2.01,-3.59,-4.10,-2.92,0.32
192611,3.12,2.09,3.13,3.46,2.84,0.31
192612,2.74,3.26,2.97,2.40,2.9,0.28
192701,-1.00,3.93,-0.26,4.46,0.19,0.25
192702,3.90,6.62,5.00,8.63,4.44,0.26
192703,-1.60,-3.17,1.30,-2.48,0.43,0.3
192704,-1.32,3.48,3.05,-0.55,0.71,0.25
192705,5.55,13.33,5.41,7.49,5.74,0.3
192706,-1.55,-3.95,-0.96,-1.63,-2.08,0.26
192707,4.33,3.98,9.24,7.26,7.56,0.3
192708,2.35,0.86,3.92,-1.97,2.25,0.28
192709,2.40,0.40,5.39,5.97,4.97,0.21
192710,-0.16,-5.84,-3.63,-6.62,-4.06,0.25
192711,10.43,10.23,7.06,6.63,6.79,0.21
192712,5.55,2.45,2.50,3.48,2.31,0.22
192801,3.20,3.59,-0.48,-2.32,-0.43,0.25
192802,-4.79,-4.13,-0.68,-2.73,-1.37,0.33
192803,7.39,9.46,12.28,7.83,9.1,0.29
192804,4.22,9.97,2.91,4.50,4.45,0.22
192805,7.53,2.57,2.61,0.64,1.84,0.32
192806,-8.51,-6.83,-3.61,-5.42,-4.54,0.31
192807,-0.40,-0.89,1.36,0.90,0.94,0.32
192808,6.12,3.70,8.74,6.95,7,0.32
192809,5.73,6.18,3.41,4.49,3.15,0.27
192810,6.83,1.66,1.36,2.01,1.74,0.41
192811,8.67,12.28,11.16,13.15,12.19,0.38
192812,0.91,-0.65,0.93,1.29,0.42,0.06
192901,-0.03,1.45,6.53,2.63,5,0.34
192902,0.74,0.38,-0.58,3.15,0.02,0.36
192903,-5.95,-4.16,-1.38,-0.06,-0.55,0.34
192904,-0.08,0.51,2.22,2.84,1.79,0.36
192905,-10.20,-12.89,-5.73,-6.17,-5.95,0.44
192906,6.97,6.41,12.46,7.51,10.22,0.52
192907,-0.07,3.86,3.55,4.95,4.79,0.33
192908,-0.89,-0.45,7.24,6.95,8.58,0.4
192909,-4.26,-3.62,-4.42,-6.32,-5.12,0.35
192910,-21.73,-19.83,-24.19,-10.37,-19.66,0.46
192911,-16.41,-12.34,-14.25,-7.67,-12.37,0.37
192912,-2.75,-1.85,3.40,1.32,1.7,0.37
193001,6.23,8.46,7.17,2.92,5.75,0.14
193002,1.35,4.38,3.46,1.22,2.8,0.3
193003,9.00,10.76,6.82,5.36,7.45,0.35
193004,-6.10,-3.48,-2.36,-6.65,-1.85,0.21
193005,-3.76,-2.96,0.71,-1.37,-1.4,0.26
193006,-16.93,-18.93,-17.85,-11.84,-16,0.27
193007,6.52,2.54,4.40,5.26,4.32,0.2
193008,-3.76,-2.51,1.20,-1.62,0.39,0.09
193009,-13.68,-19.16,-12.03,-17.09,-12.53,0.22
193010,-10.10,-10.74,-9.43,-11.48,-8.69,0.09
193011,0.22,-2.60,-2.36,-6.60,-2.91,0.13
193012,-10.42,-17.29,-5.81,-9.72,-7.69,0.14
193101,9.91,15.46,4.72,13.59,6.39,0.15
193102,13.20,17.09,12.87,12.18,10.92,0.04
193103,-4.34,-6.96,-4.20,-8.88,-6.3,0.13
193104,-12.89,-18.22,-8.84,-11.35,-9.9,0.08
193105,-9.67,-13.84,-11.39,-20.36,-13.15,0.09
193106,10.13,20.32,12.85,25.27,13.98,0.08
193107,-8.59,-5.74,-5.17,-12.21,-6.56,0.06
193108,-1.61,-3.75,0.90,0.05,0.44,0.03
193109,-26.57,-33.83,-28.87,-35.11,-29.1,0.03
193110,4.23,5.46,9.54,11.72,8.14,0.1
193111,-7.73,-9.39,-6.13,-14.57,-8.91,0.17
193112,-13.80,-22.42,-11.57,-20.67,-13.41,0.12
193201,2.49,10.51,-3.43,6.64,-1.35,0.23
193202,-2.48,1.38,7.11,0.35,5.69,0.23
193203,-10.53,-10.62,-10.20,-14.75,-11.05,0.16
193204,-19.31,-16.04,-18.13,-18.54,-17.85,0.11
193205,-17.14,-17.47,-19.22,-25.44,-20.45,0.06
193206,0.95,1.04,-1.71,8.85,-0.68,0.02
193207,31.91,63.25,28.20,67.78,33.87,0.03
193208,48.73,83.58,31.32,62.53,37.09,0.03
193209,-2.81,-12.47,-1.04,-5.01,-2.91,0.03
193210,-16.25,-23.87,-10.75,-23.23,-13.15,0.02
193211,-0.30,-13.21,-2.72,-16.38,-5.86,0.02
193212,-5.16,-11.06,6.85,-3.56,4.41,0.01
193301,4.39,7.90,-0.01,8.77,1.26,0.01
193302,-17.85,-20.89,-14.95,-17.37,-15.27,-0.03
193303,7.08,16.03,0.96,6.76,3.33,0.04
193304,45.45,56.56,33.74,57.49,38.95,0.1
193305,59.94,73.34,16.97,41.63,21.47,0.04
193306,32.94,18.59,11.37,21.95,13.13,0.02
193307,-14.14,-7.24,-8.86,-9.22,-9.61,0.02
193308,10.56,8.21,10.60,18.86,12.08,0.03
193309,-7.61,-20.90,-9.15,-19.39,-10.63,0.02
193310,-8.49,-13.84,-6.16,-17.74,-8.35,0.01
193311,4.45,6.11,9.69,12.69,9.99,0.02
193312,4.77,0.46,2.11,3.35,1.85,0.02
193401,21.52,38.34,9.87,24.14,12.65,0.05
193402,-0.29,5.37,-2.38,-3.81,-2.48,0.02
193403,4.77,-0.07,0.00,-0.62,0.11,0.02
193404,2.84,-1.83,-1.78,-4.62,-1.78,0.01
193405,-7.34,-12.05,-6.40,-13.51,-7.24,0.01
193406,3.77,-2.31,2.63,2.86,2.65,0.01
193407,-18.02,-24.48,-8.31,-23.18,-10.95,0.01
193408,10.92,12.22,6.07,5.77,5.59,0.01
193409,-0.93,-3.57,-0.26,-0.11,-0.22,0.01
193410,-0.93,-4.19,-0.41,-7.37,-1.65,0.01
193411,17.42,12.53,10.24,10.66,8.34,0.01
193412,4.94,1.60,0.75,-2.24,0.37,0.01
193501,-5.55,-3.03,-3.01,-9.31,-3.44,0.01
193502,-3.52,-5.88,-0.86,-12.99,-1.92,0.02
193503,-5.92,-11.27,-2.97,-7.75,-3.67,0.01
193504,6.72,10.22,8.03,13.06,9.07,0.01
193505,-2.48,1.73,3.14,3.96,3.48,0.01
193506,-1.75,0.81,6.38,8.08,5.94,0.01
193507,9.15,12.75,6.99,17.11,7.52,0.01
193508,4.22,14.45,2.57,3.75,2.66,0.01
193509,5.09,0.56,4.68,1.12,2.64,0.01
193510,10.91,6.81,6.60,6.03,7.04,0.01
193511,6.70,18.97,3.04,14.57,4.9,0.02
193512,5.77,2.22,2.98,8.69,4.57,0.01
193601,10.32,22.38,3.29,12.24,6.9,0.01
193602,1.90,6.78,1.91,7.10,2.5,0.01
193603,0.51,0.83,2.64,-1.01,1.01,0.02
193604,-14.39,-15.46,-7.16,-10.25,-8.12,0.02
193605,4.90,8.68,5.06,6.55,5.21,0.02
193606,-2.21,-1.25,3.63,0.27,2.43,0.03
193607,10.63,9.47,5.92,12.20,6.68,0.01
193608,0.65,4.62,0.29,4.31,1.01,0.02
193609,2.23,4.47,0.92,0.43,0.99,0.01
193610,3.71,6.51,6.42,8.66,7.14,0.02
193611,10.87,13.02,3.39,-0.59,3.28,0.01
193612,2.04,7.00,-1.83,1.11,0.21,0
193701,7.18,9.72,3.65,6.32,3.36,0.01
193702,3.28,6.24,-0.22,6.92,1.11,0.02
193703,-3.01,1.90,-1.74,6.13,-0.26,0.01
193704,-10.09,-13.35,-6.82,-10.78,-7.33,0.03
193705,-0.34,-4.10,0.24,-2.98,-0.77,0.06
193706,-7.22,-10.34,-4.16,-7.46,-4.18,0.03
193707,10.92,10.78,9.20,10.97,8.94,0.03
193708,-4.64,-5.58,-4.21,-7.77,-4.84,0.02
193709,-20.82,-23.05,-12.35,-19.27,-13.57,0.04
193710,-10.78,-9.78,-10.17,-14.42,-9.59,0.02
193711,-11.53,-11.71,-8.74,-8.16,-8.29,0.02
193712,-14.12,-12.29,-4.12,-6.73,-4.24,0
193801,4.98,3.74,1.31,-0.65,0.49,0
193802,8.43,4.77,6.39,6.00,5.84,0
193803,-29.92,-30.14,-23.52,-30.32,-23.83,-0.01
193804,22.08,20.40,13.81,15.85,14.52,0.01
193805,-7.47,-5.54,-3.56,-6.05,-3.83,0
193806,31.25,27.56,25.73,30.03,23.87,0
193807,13.44,15.36,6.79,9.22,7.33,-0.01
193808,-4.59,-9.29,-0.43,-5.18,-2.67,0
193809,-1.88,-2.79,1.36,-0.97,0.83,0.02
193810,14.13,16.90,6.93,14.18,7.81,0.01
193811,-5.20,-5.92,-1.12,-2.86,-1.78,-0.06
193812,6.03,1.55,3.38,8.86,4.19,0
193901,-8.06,-10.15,-5.26,-11.02,-5.97,-0.01
193902,3.93,6.29,3.35,6.89,3.52,0.01
193903,-17.80,-22.85,-9.84,-21.37,-12,-0.01
193904,-0.49,1.97,-0.14,-3.20,-0.18,0
193905,11.30,9.87,6.90,9.28,6.81,0.01
193906,-6.82,-10.68,-4.42,-11.38,-5.3,0.01
193907,16.13,13.64,11.31,13.74,10.24,0
193908,-12.37,-12.61,-6.31,-10.90,-6.69,-0.01
193909,37.70,54.95,13.58,40.77,16.89,0.01
193910,0.46,-5.00,0.03,-4.30,-0.53,0
193911,-7.83,-13.81,-2.62,-9.55,-3.62,0
193912,5.93,0.35,3.56,1.02,3.03,0
194001,-4.20,-2.76,-2.16,-5.14,-2.41,0
194002,4.06,3.17,1.25,1.49,1.44,0
194003,4.69,2.27,2.37,2.26,2.05,0
194004,4.74,4.09,-0.13,0.27,0.22,0
194005,-27.77,-32.44,-22.07,-24.79,-21.97,-0.02
194006,4.42,7.99,4.95,10.63,6.67,0
194007,4.72,3.32,3.39,3.30,3.17,0.01
194008,2.05,1.89,2.19,3.48,2.18,-0.01
194009,5.37,5.20,3.15,1.06,2.39,0
194010,4.21,6.29,0.90,8.10,3.02,0
194011,1.15,0.17,-1.92,-0.71,-1.61,0
194012,-0.89,-2.28,0.59,0.20,0.69,0
194101,-4.44,-0.31,-5.04,-1.52,-4.18,-0.01
194102,-3.47,-2.89,-1.58,-0.39,-1.44,-0.01
194103,0.52,3.77,0.54,3.38,0.85,0.01
194104,-7.56,-5.20,-6.50,-2.04,-5.47,-0.01
194105,1.76,1.55,0.95,2.36,1.39,0
194106,4.12,8.46,6.18,3.01,5.83,0
194107,10.44,18.54,3.73,10.12,5.9,0.03
194108,-1.16,-0.40,0.69,-2.27,-0.16,0.01
194109,-3.04,-1.95,-0.01,-1.67,-0.86,0.01
194110,-5.82,-6.01,-6.10,-2.65,-5.25,0
194111,-1.06,-2.92,-2.27,-1.69,-1.92,0
194112,-5.44,-12.65,-4.68,-9.34,-4.86,0.01
194201,6.71,14.49,-1.79,10.64,0.81,0.02
194202,0.52,-1.70,-2.31,-2.34,-2.45,0.01
194203,-4.76,-5.72,-5.83,-6.10,-6.57,0.01
194204,-6.19,-3.74,-4.59,-2.85,-4.36,0.01
194205,0.15,1.65,7.45,0.64,5.97,0.03
194206,1.01,2.36,3.05,2.78,2.71,0.02
194207,5.17,5.12,2.69,7.54,3.54,0.03
194208,2.24,2.49,1.72,4.12,1.83,0.03
194209,2.19,5.99,2.62,3.60,2.64,0.03
194210,8.29,14.50,5.31,12.05,6.85,0.03
194211,-1.10,-4.09,1.10,-4.39,0.18,0.03
194212,2.60,2.63,4.88,5.98,5.15,0.03
194301,11.69,23.81,5.35,9.70,7.16,0.03
194302,10.85,17.48,4.81,11.19,6.18,0.03
194303,10.93,14.96,4.13,11.07,6.04,0.03
194304,-0.95,8.16,-0.10,2.51,0.84,0.03
194305,8.84,13.29,5.02,7.13,5.77,0.03
194306,-0.28,0.41,2.17,0.00,1.85,0.03
194307,-5.17,-9.09,-4.76,-5.39,-4.74,0.03
194308,0.36,0.72,1.50,0.21,1.33,0.03
194309,2.93,5.42,2.20,2.59,2.43,0.03
194310,-0.68,0.77,-1.45,0.39,-1.12,0.03
194311,-7.05,-10.58,-4.76,-9.31,-5.88,0.03
194312,7.20,12.06,5.67,7.26,6.39,0.03
194401,5.02,5.29,0.82,4.88,1.77,0.03
194402,1.36,0.66,0.05,2.42,0.4,0.03
194403,1.98,7.63,2.21,3.41,2.48,0.02
194404,-1.96,-4.06,-1.40,-1.56,-1.66,0.03
194405,5.82,7.00,4.61,5.47,5.1,0.03
194406,9.35,10.54,4.94,7.38,5.52,0.03
194407,0.20,-1.49,-1.66,-0.84,-1.46,0.03
194408,4.95,1.90,1.36,1.15,1.6,0.03
194409,1.57,-0.27,0.33,-0.24,0.03,0.02
194410,0.19,-0.47,-0.07,-0.08,0.19,0.03
194411,1.08,3.69,1.16,3.16,1.74,0.03
194412,5.97,10.59,2.50,9.70,4.05,0.02
194501,5.34,4.11,0.76,3.42,2.04,0.03
194502,6.58,10.54,5.15,9.99,6.25,0.02
194503,-4.37,-6.41,-3.20,-4.71,-3.87,0.02
194504,7.60,9.92,6.76,10.87,7.83,0.03
194505,2.78,4.06,2.01,1.43,1.76,0.03
194506,2.92,6.84,-1.21,3.50,0.41,0.02
194507,-3.10,-5.46,-1.43,-4.50,-2.14,0.03
194508,7.77,4.89,8.59,2.67,6.23,0.03
194509,6.65,6.44,4.55,5.73,4.8,0.03
194510,6.07,7.45,2.36,5.48,3.92,0.03
194511,9.32,11.50,2.88,9.38,5.41,0.02
194512,4.05,1.64,1.77,-0.46,1.23,0.03
194601,9.67,12.36,6.10,7.83,6.27,0.03
194602,-6.24,-7.29,-5.88,-7.36,-5.8,0.03
194603,6.51,5.81,5.16,5.15,5.9,0.03
194604,4.38,6.39,3.76,2.65,4.26,0.03
194605,6.73,5.76,3.19,6.35,3.96,0.03
194606,-4.57,-6.00,-4.41,-4.16,-3.86,0.03
194607,-4.80,-5.05,-2.73,-2.40,-2.66,0.03
194608,-8.49,-7.37,-6.32,-6.23,-6.41,0.03
194609,-13.96,-15.85,-9.80,-11.83,-10.14,0.03
194610,-3.19,0.75,-2.49,0.46,-1.41,0.03
194611,-1.57,1.41,-0.22,-0.17,0.02,0.03
194612,5.71,4.29,5.30,3.96,4.99,0.03
194701,4.51,3.25,2.18,1.98,1.28,0.03
194702,-1.28,0.86,0.07,-1.78,-1.05,0.03
194703,-3.35,-2.39,-1.80,-1.54,-1.64,0.03
194704,-9.35,-8.11,-5.14,-4.67,-4.77,0.03
194705,-5.22,-3.60,-1.13,-2.07,-0.94,0.03
194706,4.29,5.01,6.46,4.53,5.32,0.03
194707,5.23,7.06,3.51,7.33,4.17,0.03
194708,-1.86,-1.21,-1.86,-2.20,-1.71,0.03
194709,0.41,2.63,-0.67,-0.18,-0.48,0.06
194710,3.54,2.92,2.23,3.00,2.53,0.06
194711,-4.46,-2.64,-2.08,-1.78,-1.91,0.06
194712,0.18,3.02,2.02,6.54,3.08,0.08
194801,-1.75,-0.20,-4.54,-3.34,-3.86,0.07
194802,-5.99,-5.80,-4.65,-4.70,-4.31,0.07
194803,6.41,12.21,7.82,11.00,8.16,0.09
194804,1.29,4.67,2.27,7.10,3.73,0.08
194805,9.34,7.55,8.51,7.83,7.38,0.08
194806,-2.86,0.32,-0.62,1.70,-0.01,0.09
194807,-4.96,-5.47,-5.01,-4.35,-5.01,0.08
194808,-1.18,-0.35,0.88,0.59,0.34,0.09
194809,-2.93,-5.50,-2.73,-3.73,-2.93,0.04
194810,4.09,5.38,6.43,6.27,6,0.04
194811,-9.70,-12.94,-8.34,-13.39,-9.26,0.04
194812,1.41,0.17,4.93,2.29,3.3,0.04
194901,1.41,2.98,0.56,1.33,0.33,0.1
194902,-5.34,-5.61,-2.48,-4.04,-2.84,0.09
194903,6.33,8.18,4.23,5.05,4.14,0.1
194904,-1.56,-3.37,-2.08,-2.62,-1.78,0.09
194905,-3.73,-5.11,-1.86,-5.31,-2.84,0.1
194906,-1.17,-1.13,1.11,-2.45,0.2,0.1
194907,6.53,5.74,5.25,6.79,5.63,0.09
194908,3.25,1.96,2.71,2.86,2.69,0.09
194909,5.41,4.17,2.65,4.35,3.18,0.09
194910,5.09,4.10,3.26,3.27,3.23,0.09
194911,0.52,0.21,2.93,1.43,1.9,0.08
194912,6.96,8.80,5.33,6.99,5.22,0.09
195001,7.25,4.69,0.86,3.70,1.79,0.09
195002,1.67,0.57,1.58,1.07,1.57,0.09
195003,2.44,-1.94,1.92,0.77,1.36,0.1
195004,5.79,7.50,4.35,5.33,4.03,0.09
195005,1.61,3.03,4.64,4.13,4.41,0.1
195006,-7.02,-9.05,-5.45,-4.99,-5.84,0.1
195007,0.75,11.50,-3.47,13.10,1.46,0.1
195008,4.38,5.08,6.10,2.58,4.95,0.1
195009,6.00,4.98,5.77,4.56,4.91,0.1
195010,-0.46,0.26,-0.17,1.99,-0.06,0.12
195011,0.41,4.95,2.40,4.20,2.87,0.11
195012,5.23,12.45,3.34,10.58,5.65,0.11
195101,6.72,10.67,5.16,8.67,5.83,0.13
195102,1.63,-0.17,2.25,-1.61,1.51,0.1
195103,-1.42,-5.61,-0.72,-4.97,-2.04,0.11
195104,2.24,6.44,4.42,6.78,4.99,0.13
195105,-1.84,-3.29,-2.34,-3.55,-2.22,0.12
195106,-3.91,-7.22,-2.19,-6.79,-2.5,0.12
195107,5.40,6.72,6.71,9.41,7.07,0.13
195108,6.00,5.01,4.23,4.90,4.4,0.13
195109,2.41,2.82,0.58,1.39,0.82,0.12
195110,-2.10,-3.32,-3.80,-2.06,-2.37,0.16
195111,0.46,0.40,0.78,0.73,0.68,0.11
195112,1.14,0.64,4.26,1.63,3.45,0.12
195201,1.68,1.41,0.42,3.76,1.6,0.15
195202,-2.08,-2.01,-2.17,-3.45,-2.5,0.12
195203,1.27,3.33,4.37,6.64,4.55,0.11
195204,-4.73,-4.08,-4.65,-5.51,-4.85,0.12
195205,2.24,2.73,3.79,3.45,3.33,0.13
195206,1.68,3.37,3.90,4.67,3.98,0.15
195207,0.99,-0.17,1.22,1.67,1.06,0.15
195208,0.06,0.30,-0.78,-0.96,-0.61,0.15
195209,0.21,-2.11,-1.70,-2.40,-1.87,0.16
195210,-0.73,-1.97,-0.75,-0.40,-0.52,0.14
195211,5.55,6.06,6.27,7.66,6.04,0.1
195212,1.91,1.72,3.14,3.70,3.09,0.16
195301,3.75,3.92,-0.91,1.55,-0.18,0.16
195302,1.33,1.75,-0.22,-0.80,-0.13,0.14
195303,-1.72,-1.99,-1.21,-2.55,-1.25,0.18
195304,-3.07,-1.13,-2.97,-1.85,-2.67,0.16
195305,0.72,0.71,0.89,1.36,0.69,0.17
195306,-3.18,-3.99,-1.70,-1.84,-1.71,0.18
195307,0.85,1.47,2.98,1.88,2.55,0.15
195308,-3.22,-6.28,-3.97,-8.00,-4.35,0.17
195309,0.02,-2.27,0.90,-1.65,0.36,0.16
195310,3.14,3.17,5.08,4.68,4.73,0.13
195311,1.55,1.28,3.35,3.27,2.91,0.08
195312,0.27,-2.74,0.52,-2.14,0.16,0.13
195401,4.64,8.24,4.46,7.88,5.24,0.11
195402,1.12,1.44,1.65,0.77,1.74,0.07
195403,2.65,2.25,4.24,1.72,3.73,0.08
195404,-0.26,0.29,5.30,4.00,4.36,0.09
195405,3.95,5.09,2.86,6.64,3.14,0.05
195406,0.61,1.39,1.84,1.01,1.13,0.06
195407,5.62,9.15,4.30,8.99,5.04,0.05
195408,-0.19,-0.89,-2.99,-4.99,-2.29,0.05
195409,2.97,4.69,6.86,6.46,6.48,0.09
195410,0.52,-0.70,-2.32,0.34,-1.6,0.07
195411,7.15,9.60,9.53,15.80,9.44,0.06
195412,7.43,11.40,4.29,11.74,5.56,0.08
195501,1.54,2.39,0.04,3.55,0.68,0.08
195502,3.77,4.64,3.04,3.40,3.11,0.09
195503,-0.69,0.69,-0.31,2.21,-0.06,0.1
195504,1.34,2.63,4.10,4.43,3.21,0.1
195505,0.44,0.40,1.88,0.20,1.07,0.14
195506,2.05,3.54,6.49,8.84,6.65,0.1
195507,-1.63,1.29,2.05,0.40,2,0.1
195508,-0.07,0.26,0.62,1.45,0.37,0.16
195509,-0.72,-0.35,0.20,-2.30,-0.2,0.16
195510,-1.44,-1.29,-3.08,-3.28,-2.5,0.18
195511,6.00,5.26,7.98,9.72,7.2,0.17
195512,3.47,2.57,1.88,-1.70,1.67,0.18
195601,-2.33,-1.72,-3.99,-2.36,-2.81,0.22
195602,1.94,2.38,4.97,3.46,3.96,0.19
195603,3.43,5.12,7.17,5.20,6.79,0.15
195604,1.28,0.08,-0.03,0.81,0.47,0.19
195605,-3.40,-4.50,-5.08,-6.63,-4.97,0.23
195606,1.01,1.31,4.68,1.75,3.68,0.2
195607,3.32,3.47,5.08,4.91,5.06,0.22
195608,-0.28,-2.12,-3.54,-3.12,-3.01,0.17
195609,-3.41,-2.12,-5.96,-3.68,-4.96,0.18
195610,1.20,0.41,0.68,1.34,0.77,0.25
195611,-0.32,2.24,-0.39,0.60,0.56,0.2
195612,4.28,2.22,3.81,1.66,3.4,0.24
195701,-0.75,2.04,-4.46,-1.69,-3.31,0.27
195702,-2.82,-2.72,-1.53,-3.09,-1.82,0.24
195703,2.22,2.27,2.72,1.72,2.36,0.23
195704,2.30,2.24,5.60,2.63,4.51,0.25
195705,2.93,1.73,4.75,1.84,3.71,0.26
195706,0.11,0.74,-0.11,-0.73,-0.5,0.24
195707,-0.53,0.43,1.28,1.09,0.96,0.3
195708,-4.90,-5.19,-5.45,-6.06,-4.86,0.25
195709,-7.08,-5.05,-6.33,-6.60,-5.72,0.26
195710,-8.11,-8.26,-3.77,-7.29,-4.03,0.29
195711,3.23,1.09,3.10,-0.56,2.58,0.28
195712,-4.47,-5.87,-3.92,-5.94,-3.67,0.24
195801,12.18,11.92,3.40,12.12,4.94,0.28
195802,-1.64,-0.50,-1.80,-2.39,-1.4,0.12
195803,4.95,3.11,3.41,3.40,3.36,0.09
195804,3.29,4.32,3.33,5.23,3.17,0.08
195805,6.54,4.26,2.07,3.65,2.42,0.11
195806,1.95,2.99,3.14,3.11,2.96,0.03
195807,4.22,7.10,4.39,7.75,4.46,0.07
195808,4.36,3.16,1.71,3.49,1.95,0.04
195809,5.51,7.97,4.76,8.22,4.85,0.19
195810,6.95,3.08,2.63,4.13,2.71,0.18
195811,7.68,4.05,3.35,4.40,3.12,0.11
195812,2.76,3.67,4.98,3.97,5.37,0.22
195901,4.47,5.68,-0.62,4.14,0.92,0.21
195902,2.42,2.77,0.53,2.28,1.14,0.19
195903,1.61,1.71,0.72,-0.09,0.5,0.22
195904,3.79,2.16,4.73,3.92,3.86,0.2
195905,-1.40,1.43,2.73,3.65,1.95,0.22
195906,1.73,1.88,-0.37,2.14,0,0.25
195907,2.12,3.55,3.99,3.08,3.42,0.25
195908,-1.90,-1.98,-1.35,-0.38,-1.2,0.19
195909,-5.41,-3.97,-5.03,-5.32,-4.49,0.31
195910,3.90,1.11,1.45,0.13,1.58,0.3
195911,3.89,0.53,3.01,-0.17,1.86,0.26
195912,3.34,2.09,2.98,4.16,2.79,0.34
196001,-5.79,-2.94,-8.21,-5.59,-6.65,0.33
196002,2.08,0.50,1.31,-1.09,1.46,0.29
196003,-2.34,-3.83,-0.88,-5.10,-1.28,0.35
196004,0.05,-2.96,-1.57,-3.01,-1.52,0.19
196005,5.30,2.37,4.31,-0.27,3.39,0.27
196006,2.35,1.43,2.57,2.80,2.32,0.24
196007,-3.36,-1.45,-3.48,-1.33,-2.24,0.13
196008,4.15,4.21,2.74,2.31,3.18,0.17
196009,-7.71,-6.09,-6.74,-5.20,-5.83,0.16
196010,-6.44,-2.78,-0.61,0.92,-0.49,0.22
196011,6.47,3.00,5.42,3.98,4.82,0.13
196012,4.13,2.40,3.56,3.71,4.87,0.16
196101,7.33,9.60,4.92,10.05,6.39,0.19
196102,7.96,7.39,4.04,3.13,3.71,0.14
196103,7.35,5.92,2.17,2.06,3.09,0.2
196104,1.04,2.29,-0.32,2.54,0.46,0.17
196105,3.49,4.85,3.20,2.80,2.58,0.18
196106,-5.82,-5.51,-2.27,-2.95,-2.88,0.2
196107,-0.45,1.29,3.14,1.11,3.01,0.18
196108,0.62,1.11,3.21,2.32,2.71,0.14
196109,-4.92,-3.23,-1.15,-3.78,-1.98,0.17
196110,-0.09,0.27,2.31,3.13,2.76,0.19
196111,5.88,4.75,4.87,4.24,4.6,0.15
196112,-2.04,0.37,-0.21,1.79,0.01,0.19
196201,-2.39,2.21,-5.00,0.36,-3.63,0.24
196202,0.63,1.79,1.87,2.49,2.01,0.2
196203,-0.45,-0.63,-0.35,-2.17,-0.48,0.2
196204,-7.22,-6.78,-6.63,-6.12,-6.37,0.22
196205,-11.33,-9.55,-9.09,-6.22,-8.41,0.24
196206,-10.29,-7.07,-9.01,-6.65,-8.27,0.2
196207,9.30,6.54,8.07,3.59,6.55,0.27
196208,4.63,2.47,2.74,2.45,2.36,0.23
196209,-8.22,-6.23,-5.03,-4.40,-5.01,0.21
196210,-5.08,-2.08,0.61,0.32,0.2,0.25
196211,14.87,14.40,11.29,13.85,11.07,0.2
196212,-3.59,-2.18,1.54,0.80,1.24,0.23
196301,7.75,9.87,4.91,7.22,5.18,0.25
196302,-2.62,0.01,-2.80,-0.95,-2.15,0.23
196303,0.29,2.40,3.41,5.18,3.31,0.23
196304,3.62,4.87,4.94,5.75,4.76,0.25
196305,1.65,5.42,2.28,3.67,2,0.24
196306,-1.32,-1.74,-2.32,-0.45,-1.77,0.23
196307,-1.08,-1.14,-0.03,-1.60,-0.12,0.27
196308,4.45,5.74,5.40,7.41,5.32,0.25
196309,-3.07,-1.93,-1.05,-1.81,-1.3,0.27
196310,1.16,2.72,3.86,2.13,2.82,0.29
196311,-2.87,-0.33,-0.25,0.63,-0.58,0.27
196312,0.35,0.27,2.05,1.93,2.12,0.29
196401,0.77,4.04,2.68,2.63,2.54,0.3
196402,1.58,4.15,1.42,4.49,1.8,0.26
196403,0.61,5.23,0.92,2.98,1.72,0.31
196404,-1.69,-1.43,0.42,-0.90,0.39,0.29
196405,0.92,2.15,1.54,4.23,1.68,0.26
196406,1.31,1.97,1.67,2.36,1.57,0.3
196407,1.56,2.65,1.91,2.22,2.04,0.3
196408,-1.46,-1.22,-1.22,-1.29,-1.16,0.28
196409,3.49,3.60,2.35,5.51,2.97,0.28
196410,1.03,2.30,0.29,1.32,0.88,0.29
196411,-0.07,0.09,0.50,-3.65,0.29,0.29
196412,0.41,-1.54,1.12,-2.03,0.34,0.31
196501,6.91,6.62,3.95,4.62,3.82,0.28
196502,3.69,4.33,0.57,0.30,0.74,0.3
196503,0.91,1.51,-1.15,0.39,-0.98,0.36
196504,2.99,5.34,3.82,2.87,3.42,0.31
196505,-0.08,-1.34,-0.27,-2.23,-0.46,0.31
196506,-9.95,-8.59,-4.57,-4.78,-5.16,0.35
196507,2.55,4.09,1.34,4.13,1.74,0.31
196508,6.74,5.09,2.94,2.50,3.06,0.33
196509,3.88,3.82,3.79,3.59,3.17,0.31
196510,5.97,6.31,2.84,5.49,2.91,0.31
196511,4.02,4.71,-0.01,-0.30,0.32,0.35
196512,3.87,4.63,0.85,4.07,1.34,0.33
196601,4.30,6.91,-0.20,4.27,1.1,0.38
196602,3.68,3.50,-1.61,-0.65,-0.86,0.35
196603,-0.45,-2.04,-1.54,-4.01,-2.13,0.38
196604,5.68,5.54,2.41,1.55,2.48,0.34
196605,-9.96,-10.33,-4.19,-7.05,-5.25,0.41
196606,0.82,-0.02,-2.01,-0.15,-1.06,0.38
196607,-2.17,-0.76,-1.61,-1.17,-1.28,0.35
196608,-11.39,-10.45,-7.65,-7.41,-7.5,0.41
196609,-2.05,-1.49,-0.98,-0.47,-0.66,0.4
196610,-3.95,-0.15,3.24,5.24,4.31,0.45
196611,7.71,2.75,3.72,-0.60,1.8,0.4
196612,3.59,0.52,-0.36,0.03,0.53,0.4
196701,18.37,17.65,7.92,12.43,8.58,0.43
196702,4.74,3.24,2.02,-0.94,1.14,0.36
196703,6.07,5.69,4.27,5.02,4.38,0.39
196704,5.61,3.22,5.99,3.16,4.21,0.32
196705,-1.56,-2.45,-5.00,-2.45,-4,0.33
196706,9.53,8.30,1.43,4.43,2.68,0.27
196707,7.22,10.17,4.91,7.26,4.89,0.31
196708,-0.45,0.58,-0.75,1.15,-0.58,0.31
196709,6.86,4.69,3.81,1.05,3.43,0.32
196710,-0.78,-3.48,-1.49,-5.56,-2.7,0.39
196711,1.29,-0.85,1.09,-0.18,0.73,0.36
196712,10.89,8.23,2.15,4.04,3.38,0.33
196801,-1.40,3.41,-6.18,-1.48,-3.66,0.4
196802,-7.42,-5.09,-3.32,-3.31,-3.36,0.39
196803,-0.78,-0.51,1.83,0.38,0.58,0.38
196804,17.16,13.33,10.23,12.00,9.48,0.43
196805,9.79,8.90,2.47,5.04,2.73,0.45
196806,-0.19,1.46,-0.02,-0.33,1.12,0.43
196807,-5.80,0.22,-4.52,0.43,-2.24,0.48
196808,3.95,4.71,1.17,2.42,1.76,0.42
196809,7.38,6.42,3.34,4.77,4.46,0.43
196810,-0.63,1.34,-0.59,3.23,0.86,0.44
196811,8.54,6.77,5.49,5.45,5.85,0.42
196812,0.27,-1.07,-4.81,-3.43,-3.51,0.43
196901,-1.78,-0.70,-1.83,0.48,-0.72,0.53
196902,-10.39,-7.50,-3.94,-5.03,-5.38,0.46
196903,3.06,3.19,3.90,2.85,3.1,0.46
196904,0.82,1.22,3.24,2.90,1.99,0.53
196905,-0.27,0.13,-0.16,0.90,0.38,0.48
196906,-12.22,-10.98,-3.43,-6.84,-6.67,0.51
196907,-11.30,-7.29,-4.83,-6.01,-6.47,0.53
196908,7.35,3.71,6.70,2.62,5.18,0.5
196909,-0.54,-2.73,-0.56,-4.76,-2.36,0.62
196910,11.02,7.08,6.24,3.80,5.66,0.6
196911,-5.55,-6.41,-2.14,-3.53,-3.27,0.52
196912,-5.10,-6.66,0.17,-4.32,-1.99,0.64
197001,-6.07,-2.37,-8.06,-5.68,-7.5,0.6
197002,2.58,6.20,3.61,8.06,5.75,0.62
197003,-5.31,0.15,-1.91,1.12,-0.49,0.57
197004,-20.86,-11.18,-10.59,-7.48,-10.5,0.5
197005,-11.41,-8.00,-7.99,-4.21,-6.39,0.53
197006,-9.02,-5.96,-5.43,-6.75,-5.21,0.58
197007,7.55,6.75,5.13,7.86,7.45,0.52
197008,6.27,6.54,4.09,5.88,5.02,0.53
197009,17.15,9.42,7.30,3.86,4.72,0.54
197010,-6.86,-4.11,-0.65,-2.85,-1.82,0.46
197011,0.43,2.52,5.12,6.28,5.05,0.46
197012,7.92,9.37,5.34,5.90,6.14,0.42
197101,10.45,12.59,4.70,5.32,5.22,0.38
197102,4.62,2.44,2.37,1.97,1.74,0.33
197103,8.87,4.68,5.93,2.04,4.43,0.3
197104,3.02,3.32,3.98,5.13,3.43,0.28
197105,-4.25,-5.19,-2.71,-4.54,-3.69,0.29
197106,0.60,-2.23,1.14,-0.14,0.27,0.37
197107,-6.89,-5.87,-4.19,-4.88,-4.1,0.4
197108,4.39,6.73,5.56,8.55,4.26,0.47
197109,0.83,-2.19,0.40,-2.50,-0.48,0.37
197110,-6.24,-6.60,-3.86,-4.38,-4.05,0.37
197111,-2.88,-4.15,0.88,-1.24,-0.09,0.37
197112,13.56,12.32,9.02,9.56,9.08,0.37
197201,9.24,10.68,2.68,5.21,2.78,0.29
197202,4.87,2.77,4.48,1.06,3.12,0.25
197203,1.52,-0.53,2.20,0.79,0.9,0.27
197204,0.38,0.44,0.71,1.11,0.58,0.29
197205,-1.76,-2.79,3.02,-1.34,1.55,0.3
197206,-3.32,-3.09,-1.02,-6.28,-2.14,0.29
197207,-5.22,-2.00,0.56,-1.10,-0.49,0.31
197208,-0.94,2.52,1.43,7.35,3.55,0.29
197209,-3.42,-3.16,-0.47,0.22,-0.8,0.34
197210,-2.63,-1.05,0.49,1.65,0.92,0.4
197211,3.65,6.42,2.96,9.70,4.97,0.37
197212,-0.93,-2.25,2.64,-0.58,0.99,0.37
197301,-7.85,-3.70,-2.62,-1.41,-2.85,0.44
197302,-11.13,-5.86,-2.99,-4.87,-4.44,0.41
197303,-4.25,-1.25,-1.32,1.24,-0.83,0.46
197304,-11.67,-5.00,-6.10,-1.40,-5.16,0.52
197305,-10.13,-7.33,-0.93,-3.31,-2.43,0.51
197306,-5.50,-2.67,-0.91,-0.86,-1.05,0.51
197307,18.03,8.91,6.38,5.07,5.68,0.64
197308,-4.01,-4.09,-3.39,-0.88,-3.14,0.7
197309,10.98,8.46,2.21,9.02,5.43,0.68
197310,-2.36,0.96,-0.28,-0.15,-0.21,0.65
197311,-22.53,-16.17,-12.49,-10.86,-12.18,0.56
197312,-2.47,-1.30,-1.40,5.84,1.22,0.64
197401,7.71,13.91,-1.10,4.45,0.46,0.63
197402,0.06,1.95,-1.07,2.11,0.1,0.58
197403,-0.43,0.44,-1.76,-2.86,-2.25,0.56
197404,-6.37,-3.63,-3.57,-4.29,-4.54,0.75
197405,-7.22,-6.77,-1.56,-6.15,-3.92,0.75
197406,-3.18,-1.21,-2.04,-2.50,-2.23,0.6
197407,-6.64,-3.00,-9.43,-2.78,-7.35,0.7
197408,-9.51,-7.44,-10.07,-7.11,-8.75,0.6
197409,-11.81,-7.29,-13.67,-7.17,-10.96,0.81
197410,14.48,7.95,21.39,7.90,16.61,0.51
197411,-5.16,-5.51,-4.03,-3.98,-3.97,0.54
197412,-7.14,-7.75,-3.26,-2.64,-2.75,0.7
197501,24.49,30.56,10.52,21.33,14.24,0.58
197502,6.73,3.68,8.20,2.10,5.99,0.43
197503,7.73,8.36,2.89,7.16,3.07,0.41
197504,6.54,3.16,5.69,6.82,4.67,0.44
197505,10.26,6.90,5.66,0.95,5.63,0.44
197506,6.99,6.25,4.31,7.68,5.24,0.41
197507,-2.97,-2.54,-7.51,-4.54,-6.11,0.48
197508,-4.61,-6.60,-2.23,-2.03,-2.37,0.48
197509,-4.01,-3.45,-3.92,-3.79,-3.73,0.53
197510,1.36,2.01,6.53,6.48,5.87,0.56
197511,1.31,3.82,3.03,4.51,3.06,0.41
197512,-1.63,-0.88,-1.81,0.95,-1.12,0.48
197601,14.98,24.62,10.79,18.33,12.63,0.47
197602,6.67,12.26,-1.33,4.64,0.66,0.34
197603,1.25,1.76,2.83,2.25,2.73,0.4
197604,-1.02,-1.11,-1.59,-1.62,-1.07,0.42
197605,-0.87,-3.58,-0.61,-0.53,-0.97,0.37
197606,3.94,3.88,4.46,5.88,4.48,0.43
197607,-1.12,0.78,-1.20,0.39,-0.6,0.47
197608,-3.44,-1.24,-0.31,-0.91,-0.14,0.42
197609,3.48,2.21,2.20,2.90,2.5,0.44
197610,-2.72,-2.09,-2.47,-3.36,-2.01,0.41
197611,3.63,3.86,-0.74,2.05,0.76,0.4
197612,9.60,10.06,4.79,8.77,6.05,0.4
197701,0.80,3.23,-6.31,-0.22,-3.69,0.36
197702,-0.96,0.10,-1.87,-1.92,-1.6,0.35
197703,0.28,0.19,-1.64,0.50,-0.99,0.38
197704,1.07,2.54,-1.11,4.32,0.53,0.38
197705,-0.76,0.72,-1.79,-1.58,-1.09,0.37
197706,7.44,6.99,5.67,4.84,5.11,0.4
197707,0.03,0.57,-1.48,-3.18,-1.27,0.42
197708,0.77,-1.49,0.35,-3.02,-1.31,0.44
197709,1.61,0.62,-0.70,-0.67,0.16,0.43
197710,-3.84,-1.55,-4.32,-3.18,-3.89,0.49
197711,8.27,8.18,4.03,4.77,4.5,0.5
197712,3.19,1.55,0.21,1.16,0.76,0.49
197801,-4.72,-1.21,-6.42,-3.29,-5.52,0.49
197802,1.57,2.53,-2.54,-1.94,-0.92,0.46
197803,6.36,7.09,2.19,3.90,3.38,0.53
197804,9.94,7.15,11.08,6.82,8.42,0.54
197805,7.20,5.80,1.94,2.07,2.27,0.51
197806,-0.94,0.40,-1.39,-1.58,-1.15,0.54
197807,7.00,5.75,6.90,5.92,5.67,0.56
197808,8.25,8.81,3.53,2.03,4.31,0.56
197809,-1.86,-0.62,-2.57,-0.06,-0.81,0.62
197810,-23.12,-18.72,-9.90,-11.58,-11.23,0.68
197811,8.89,4.38,2.96,3.03,3.41,0.7
197812,3.05,1.94,2.87,-0.41,1.66,0.78
197901,8.55,9.59,3.24,6.70,5,0.77
197902,-3.44,-1.91,-3.71,-2.87,-2.83,0.73
197903,11.67,8.50,5.71,7.55,6.49,0.81
197904,1.65,3.31,0.19,0.67,0.74,0.8
197905,-2.65,0.68,-1.83,-1.31,-1.39,0.82
197906,5.72,6.11,3.10,5.65,4.66,0.81
197907,2.03,3.03,0.61,3.00,1.59,0.77
197908,9.06,7.39,6.77,5.37,6.3,0.77
197909,0.77,-1.04,-0.84,-0.77,0.01,0.83
197910,-9.23,-11.32,-6.69,-8.31,-7.23,0.87
197911,10.91,6.83,6.54,4.10,6.2,0.99
197912,8.13,5.12,2.94,1.95,2.74,0.95
198001,7.88,8.50,4.90,7.92,6.31,0.8
198002,-0.42,-2.71,-3.10,0.44,-0.33,0.89
198003,-19.30,-17.32,-8.94,-13.05,-11.69,1.21
198004,6.13,5.86,3.74,6.11,5.23,1.26
198005,8.07,8.08,5.68,6.45,6.07,0.81
198006,5.32,4.33,3.11,2.37,3.67,0.61
198007,13.31,7.22,9.33,2.83,7.02,0.53
198008,8.48,3.64,2.19,1.75,2.44,0.64
198009,5.25,0.86,4.16,-1.02,2.94,0.75
198010,5.83,3.03,1.83,-0.84,2.01,0.95
198011,12.62,2.60,11.63,4.96,10.55,0.96
198012,-5.31,-1.34,-2.17,-0.78,-3.21,1.31
198101,-3.78,2.26,-5.99,1.65,-4,1.04
198102,-0.70,2.78,2.81,1.26,1.63,1.07
198103,7.68,7.65,3.80,5.17,4.77,1.21
198104,2.55,3.86,-2.18,1.03,-1.02,1.08
198105,4.93,1.70,0.85,3.22,1.26,1.15
198106,-5.73,1.30,-3.23,-0.01,-1.01,1.35
198107,-2.79,-1.64,1.38,-1.05,-0.3,1.24
198108,-9.99,-4.69,-6.81,-2.45,-5.75,1.28
198109,-10.26,-4.89,-6.36,-1.35,-5.93,1.24
198110,10.45,5.78,8.15,4.40,6.13,1.21
198111,0.87,4.61,4.07,4.14,4.43,1.07
198112,-2.36,-1.50,-3.11,-2.50,-2.78,0.87
198201,-4.82,-0.84,-1.88,0.43,-2.44,0.8
198202,-7.46,-0.74,-7.40,-1.95,-4.94,0.92
198203,-2.19,1.49,-1.96,1.93,-0.89,0.98
198204,6.56,4.13,5.74,2.58,4.4,1.13
198205,-3.57,-0.96,-3.47,-2.45,-2.93,1.06
198206,-3.56,-1.37,-2.51,-1.67,-2.13,0.96
198207,-2.41,-1.03,-0.62,-1.69,-2.14,1.05
198208,8.14,8.13,11.01,13.34,11.9,0.76
198209,2.64,5.24,1.94,0.02,1.8,0.51
198210,15.89,11.60,12.78,9.70,11.89,0.59
198211,10.02,9.23,7.08,3.95,5.3,0.63
198212,1.30,0.85,1.14,1.61,1.22,0.67
198301,9.72,4.92,2.81,5.88,4.29,0.69
198302,4.29,7.07,3.65,2.21,3.21,0.62
198303,2.65,6.27,2.48,3.00,3.45,0.63
198304,7.83,7.63,5.72,7.12,7.38,0.71
198305,7.93,5.03,-0.18,-0.07,1.21,0.69
198306,5.62,2.40,5.28,0.78,3.74,0.67
198307,-5.84,1.29,-5.20,-1.09,-3.33,0.74
198308,-4.80,-0.33,-1.32,5.28,0.26,0.76
198309,0.08,3.99,2.58,0.87,1.68,0.76
198310,-9.04,-2.19,-3.59,-0.31,-2.68,0.76
198311,4.72,4.39,2.81,1.92,2.86,0.7
198312,-3.16,0.20,-0.68,-0.67,-1.05,0.73
198401,-4.22,2.09,-5.32,3.61,-1.16,0.76
198402,-6.98,-3.55,-4.74,-1.47,-4.11,0.71
198403,0.16,2.29,1.57,0.42,1.36,0.73
198404,-1.26,-0.02,0.46,1.80,0.29,0.81
198405,-5.96,-4.39,-4.81,-5.90,-5.19,0.78
198406,4.54,1.08,4.41,2.66,2.57,0.75
198407,-5.58,-3.26,-0.98,-2.32,-1.92,0.82
198408,13.37,9.53,11.29,11.44,11.11,0.83
198409,-2.71,2.31,-2.41,3.22,0.06,0.86
198410,-2.23,0.04,0.77,-0.49,0.16,1
198411,-4.55,0.38,-2.24,0.99,-1.03,0.73
198412,2.04,2.13,2.67,2.24,2.48,0.64
198501,15.02,8.68,10.12,5.60,8.64,0.65
198502,2.93,1.73,1.30,2.25,1.8,0.58
198503,-3.30,1.40,-1.28,2.22,-0.22,0.62
198504,-2.03,1.64,-1.85,1.93,-0.24,0.72
198505,4.24,3.27,5.97,5.22,5.75,0.66
198506,1.41,2.60,1.54,1.47,1.82,0.55
198507,2.71,1.13,0.21,-1.46,-0.12,0.62
198508,-2.04,0.18,-1.53,0.81,-0.47,0.55
198509,-7.27,-4.13,-3.86,-4.37,-3.94,0.6
198510,3.20,3.25,4.00,5.50,4.67,0.65
198511,7.76,6.33,9.07,4.75,7.09,0.61
198512,4.94,3.24,5.77,4.41,4.53,0.65
198601,2.31,2.60,0.78,1.55,1.21,0.56
198602,7.36,6.58,8.01,6.89,7.66,0.53
198603,4.22,5.22,6.22,4.35,5.48,0.6
198604,2.27,0.43,0.54,-3.32,-0.79,0.52
198605,3.36,3.49,5.44,5.08,5.11,0.49
198606,-0.06,1.98,1.83,2.59,1.55,0.52
198607,-10.69,-5.68,-7.20,-2.64,-5.93,0.52
198608,2.15,4.51,4.77,9.45,6.53,0.46
198609,-8.25,-4.73,-10.05,-7.19,-8.15,0.45
198610,4.38,1.82,5.59,5.51,5.12,0.46
198611,0.07,0.48,2.04,1.50,1.56,0.39
198612,-3.18,-1.99,-2.45,-2.90,-2.78,0.49
198701,12.52,9.07,13.91,10.99,12.89,0.42
198702,9.61,5.06,7.47,0.03,4.82,0.43
198703,1.29,3.68,1.66,2.58,2.11,0.47
198704,-2.67,-3.66,-1.84,-1.50,-1.67,0.44
198705,-0.29,0.73,1.47,0.70,0.49,0.38
198706,1.43,3.54,4.67,4.70,4.42,0.48
198707,2.17,5.45,5.58,3.76,4.31,0.46
198708,2.89,2.91,4.68,2.76,3.99,0.47
198709,-2.56,-1.38,-1.93,-2.54,-2.14,0.45
198710,-32.39,-27.73,-23.18,-19.43,-22.64,0.6
198711,-6.69,-3.50,-8.80,-5.80,-7.42,0.35
198712,9.24,4.61,9.17,4.89,7.2,0.39
198801,2.19,6.56,2.06,8.01,4.5,0.29
198802,8.44,7.11,5.42,3.47,5.21,0.46
198803,3.71,3.34,-3.09,-1.21,-1.83,0.44
198804,1.36,2.54,-0.65,1.54,1.02,0.46
198805,-2.93,-0.48,0.00,2.12,0.22,0.51
198806,7.60,6.19,4.77,3.98,5.28,0.49
198807,-2.45,0.33,-1.54,0.22,-0.74,0.51
198808,-4.12,-1.57,-2.88,-1.37,-2.72,0.59
198809,2.69,2.78,5.08,3.62,3.92,0.62
198810,-2.02,0.64,2.28,3.03,1.76,0.61
198811,-3.87,-2.71,-1.67,-0.35,-1.72,0.57
198812,4.08,2.99,2.77,0.75,2.12,0.63
198901,4.35,5.40,7.07,7.04,6.65,0.55
198902,0.49,1.26,-2.34,-1.35,-1.64,0.61
198903,2.53,3.40,2.52,2.60,2.24,0.67
198904,4.83,3.88,6.00,4.03,5,0.67
198905,4.65,3.81,4.78,3.97,4.14,0.79
198906,-3.10,-0.07,-0.96,0.39,-0.64,0.71
198907,4.49,3.46,10.79,6.15,7.9,0.7
198908,2.64,2.57,1.08,2.59,2.18,0.74
198909,1.34,-0.85,0.53,0.03,-0.11,0.65
198910,-5.04,-6.45,-1.39,-2.05,-2.99,0.68
198911,0.66,-0.13,2.38,0.94,1.72,0.69
198912,0.13,-0.24,1.69,2.61,1.77,0.61
199001,-9.21,-7.94,-7.51,-7.05,-7.28,0.57
199002,3.24,2.30,0.33,2.48,1.68,0.57
199003,4.45,2.30,4.15,0.50,2.47,0.64
199004,-2.93,-4.39,-0.90,-4.54,-2.67,0.69
199005,8.54,4.33,10.82,7.55,9.1,0.68
199006,1.14,0.06,1.27,-1.52,-0.46,0.63
199007,-4.48,-4.24,-1.28,-1.56,-1.22,0.68
199008,-14.72,-11.34,-9.72,-9.93,-9.49,0.66
199009,-10.29,-8.20,-5.74,-6.37,-5.52,0.6
199010,-5.94,-5.87,0.34,0.78,-1.24,0.68
199011,8.99,4.86,7.38,5.19,6.92,0.57
199012,4.18,2.86,3.75,1.94,3.06,0.6
199101,9.34,7.65,6.32,4.31,5.21,0.52
199102,11.69,11.34,7.81,7.10,7.67,0.48
199103,7.80,6.57,4.02,2.77,3.09,0.44
199104,-0.61,1.64,-0.25,0.31,0.25,0.53
199105,4.32,2.63,4.67,5.22,4.12,0.47
199106,-5.33,-4.09,-4.87,-3.68,-4.52,0.42
199107,4.22,3.04,5.42,4.10,4.73,0.49
199108,4.42,4.31,3.36,1.87,2.78,0.46
199109,1.23,-1.07,-2.20,-1.90,-1.13,0.46
199110,3.11,1.96,1.49,1.77,1.71,0.42
199111,-4.80,-5.53,-2.50,-5.62,-3.8,0.39
199112,10.17,7.50,14.44,9.03,11.22,0.38
199201,7.63,10.47,-2.25,3.96,-0.25,0.34
199202,0.77,7.02,0.38,6.86,1.37,0.28
199203,-6.35,-0.69,-2.77,-1.12,-2.32,0.34
199204,-5.56,-1.02,0.17,4.22,1.39,0.32
199205,-0.66,2.53,0.88,0.24,0.58,0.28
199206,-6.17,-2.69,-2.50,0.83,-2.02,0.32
199207,2.62,3.82,4.35,2.09,4.08,0.31
199208,-4.32,-2.64,-1.14,-4.89,-2.12,0.26
199209,1.47,1.45,1.62,1.22,1.45,0.26
199210,4.38,1.65,2.39,0.92,1.25,0.23
199211,9.63,6.70,4.58,4.56,4.36,0.23
199212,2.58,4.90,0.69,3.41,1.81,0.28
199301,1.31,6.55,-1.11,5.39,1.16,0.23
199302,-6.38,1.08,-2.29,3.08,0.34,0.22
199303,2.12,3.62,1.78,2.72,2.55,0.25
199304,-3.74,-2.59,-5.02,-0.94,-2.81,0.24
199305,6.65,3.09,4.00,0.73,3.11,0.22
199306,0.72,1.50,-1.02,3.43,0.56,0.25
199307,-0.36,2.25,-2.22,1.65,-0.1,0.24
199308,3.98,3.32,3.60,3.36,3.96,0.25
199309,3.24,2.55,-0.75,-0.96,0.14,0.26
199310,3.87,2.66,2.98,1.10,1.63,0.22
199311,-3.29,-2.42,-0.05,-1.46,-1.64,0.25
199312,2.59,2.73,1.38,2.38,1.88,0.23
199401,1.92,5.10,2.01,3.01,3.12,0.25
199402,-0.91,-0.91,-1.63,-4.51,-2.34,0.21
199403,-6.22,-4.33,-4.69,-3.95,-4.51,0.27
199404,-0.80,1.38,0.38,1.57,0.95,0.27
199405,-2.54,0.06,1.49,-0.72,0.89,0.31
199406,-4.75,-2.09,-3.05,-2.35,-2.72,0.31
199407,1.49,2.18,3.05,3.55,3.1,0.28
199408,7.24,4.03,5.79,3.33,4.38,0.37
199409,0.58,-0.43,-1.19,-4.00,-1.94,0.37
199410,0.61,-1.78,2.25,1.14,1.72,0.38
199411,-3.88,-3.66,-2.97,-5.08,-3.67,0.37
199412,0.76,1.55,1.41,1.68,1.3,0.44
199501,-1.11,1.16,2.18,1.54,2.22,0.42
199502,3.77,4.30,4.09,5.66,4.03,0.4
199503,2.73,1.13,3.00,2.47,2.65,0.46
199504,0.96,3.08,2.06,4.43,2.55,0.44
199505,0.89,2.99,3.62,4.89,3.44,0.54
199506,7.38,4.14,3.75,2.45,3.19,0.47
199507,7.95,4.97,3.94,3.54,4.17,0.45
199508,1.99,4.11,-0.07,3.24,1.02,0.47
199509,2.34,1.42,4.63,4.02,3.78,0.43
199510,-5.73,-3.78,0.49,-2.96,-1.05,0.47
199511,3.60,4.02,3.97,5.44,4.38,0.42
199512,1.89,2.20,0.46,1.85,1.52,0.49
199601,0.31,0.89,2.96,3.04,2.69,0.43
199602,4.83,2.83,1.90,1.04,1.72,0.39
199603,2.45,2.57,0.05,1.93,1.12,0.39
199604,8.70,4.63,2.97,-0.76,2.52,0.46
199605,5.99,5.14,3.73,2.16,2.78,0.42
199606,-5.98,-2.44,0.05,-0.38,-0.74,0.4
199607,-13.75,-5.59,-5.49,-4.75,-5.52,0.45
199608,7.12,4.60,2.06,3.66,3.18,0.41
199609,5.30,3.17,6.76,2.59,5.45,0.44
199610,-5.08,0.93,0.77,5.00,1.28,0.42
199611,1.73,3.96,7.17,7.26,6.66,0.41
199612,0.58,1.92,-1.79,-1.34,-1.24,0.46
199701,4.01,2.95,6.70,4.48,5.43,0.45
199702,-6.35,1.25,-0.13,2.65,-0.1,0.39
199703,-8.47,-1.66,-5.50,-4.69,-4.59,0.43
199704,-3.28,-0.42,6.55,3.55,4.47,0.43
199705,15.59,8.39,6.94,6.40,7.23,0.49
199706,3.64,6.83,4.11,3.38,4.47,0.37
199707,4.76,5.86,7.46,8.05,7.76,0.43
199708,3.96,3.24,-5.57,-2.09,-3.74,0.41
199709,8.85,8.15,5.19,5.94,5.79,0.44
199710,-6.15,-2.17,-2.96,-3.02,-3.38,0.42
199711,-3.42,0.29,5.15,3.00,3.37,0.39
199712,-2.17,2.09,1.41,4.08,1.8,0.48
199801,-0.58,-0.83,2.91,0.26,0.58,0.43
199802,8.38,7.34,6.90,7.68,7.43,0.39
199803,4.43,4.89,4.91,6.57,5.15,0.39
199804,0.67,2.18,0.94,0.89,1.16,0.43
199805,-7.30,-2.79,-2.38,1.43,-2.67,0.4
199806,0.52,-0.19,5.89,1.96,3.59,0.41
199807,-7.84,-7.01,-0.47,-3.25,-2.06,0.4
199808,-24.47,-18.19,-13.85,-13.32,-15.65,0.43
199809,8.94,3.43,7.74,6.63,6.61,0.46
199810,4.76,3.01,7.92,5.26,7.45,0.32
199811,8.97,5.32,7.12,4.48,6.41,0.31
199812,6.64,2.72,8.58,3.59,6.54,0.38
199901,4.21,0.69,5.13,0.59,3.85,0.35
199902,-9.18,-8.06,-4.44,-2.76,-3.73,0.35
199903,-0.23,-2.99,4.01,1.50,3.88,0.43
199904,8.96,9.38,2.34,6.94,4.7,0.37
199905,2.05,4.18,-2.54,0.13,-2.12,0.34
199906,6.97,5.89,6.59,0.48,5.17,0.4
199907,-1.27,-1.32,-3.01,-4.50,-3.09,0.38
199908,-2.88,-3.30,-0.07,-2.26,-0.99,0.39
199909,0.64,-2.65,-1.91,-5.40,-2.42,0.39
199910,0.39,-2.82,6.83,4.28,6.52,0.39
199911,13.49,4.19,4.27,0.57,3.73,0.36
199912,18.79,6.73,8.28,3.00,8.16,0.44
200001,0.15,0.74,-5.00,-6.22,-4.33,0.41
200002,27.09,13.03,1.59,-4.22,2.88,0.43
200003,-12.47,-1.50,8.30,12.07,5.67,0.47
200004,-14.76,-4.54,-4.46,2.51,-5.94,0.46
200005,-8.11,-4.85,-3.69,-1.85,-3.92,0.5
200006,17.50,8.63,5.17,-5.66,5.04,0.4
200007,-7.29,2.18,-3.05,3.76,-2.03,0.48
200008,8.65,6.51,7.63,8.40,7.53,0.5
200009,-7.33,-0.52,-6.00,-0.32,-4.94,0.51
200010,-8.41,-1.63,-2.11,2.15,-2.2,0.56
200011,-16.50,-2.75,-10.65,-1.80,-10.21,0.51
200012,2.76,8.41,-0.10,8.91,1.69,0.5
200101,12.72,6.53,3.60,-0.02,3.67,0.54
200102,-12.65,0.51,-11.28,1.37,-9.67,0.38
200103,-7.68,-1.42,-8.01,-1.36,-6.84,0.42
200104,10.53,5.24,8.93,4.85,8.33,0.39
200105,3.96,6.18,0.41,4.48,1.04,0.32
200106,6.48,2.58,-2.10,-0.31,-1.66,0.28
200107,-9.06,-0.96,-1.81,1.23,-1.83,0.3
200108,-7.18,-1.26,-6.93,-7.85,-6.15,0.31
200109,-17.15,-13.98,-8.09,-8.04,-8.97,0.28
200110,11.48,4.49,3.33,-5.89,2.68,0.22
200111,8.78,9.00,7.91,11.71,7.71,0.17
200112,6.91,6.71,0.62,3.03,1.76,0.15
200201,-4.95,2.99,-0.92,-2.21,-1.3,0.14
200202,-8.04,-0.95,-2.48,-4.58,-2.16,0.13
200203,9.01,10.20,3.55,4.56,4.37,0.13
200204,-3.73,4.13,-7.18,-7.18,-5.05,0.15
200205,-6.61,-2.49,-1.35,-2.09,-1.24,0.14
200206,-7.21,-2.39,-7.47,-12.03,-7.08,0.13
200207,-15.02,-14.84,-6.40,-13.41,-8.03,0.15
200208,-0.52,-0.76,0.09,5.31,0.64,0.14
200209,-8.51,-6.92,-10.80,-9.77,-10.21,0.14
200210,7.03,0.38,10.05,5.77,7.98,0.14
200211,13.51,7.35,5.21,9.06,6.08,0.12
200212,-8.83,-3.76,-6.29,-6.86,-5.65,0.11
200301,-2.25,-1.34,-2.74,-5.52,-2.47,0.1
200302,-3.67,-3.44,-1.35,-4.50,-1.79,0.09
200303,1.68,0.77,1.69,-1.58,1.19,0.1
200304,11.12,9.25,7.62,11.56,8.32,0.1
200305,13.30,9.91,5.09,7.88,6.14,0.09
200306,2.24,3.87,1.26,0.95,1.52,0.1
200307,8.10,6.85,1.89,0.86,2.42,0.07
200308,4.53,6.34,2.06,4.31,2.41,0.07
200309,-1.72,0.79,-1.11,-3.57,-1.16,0.08
200310,8.41,10.55,5.10,6.48,6.15,0.07
200311,2.81,4.68,0.85,2.70,1.42,0.07
200312,1.07,3.30,4.27,6.88,4.37,0.08
200401,3.78,6.99,1.57,2.31,2.22,0.07
200402,0.58,0.13,1.24,2.66,1.46,0.06
200403,1.30,0.37,-1.96,-0.60,-1.23,0.09
200404,-3.43,-6.08,-0.33,-2.92,-1.75,0.08
200405,1.15,0.59,1.36,1.14,1.23,0.06
200406,3.34,4.64,1.35,2.81,1.94,0.08
200407,-9.84,-4.63,-4.55,-1.54,-3.96,0.1
200408,-2.44,-0.91,-0.38,0.16,0.19,0.11
200409,5.72,3.54,0.88,2.58,1.71,0.11
200410,3.04,1.38,1.69,2.11,1.54,0.11
200411,8.26,9.41,3.65,6.09,4.69,0.15
200412,4.29,4.21,3.68,3.63,3.59,0.16
200501,-5.48,-2.45,-3.00,-2.10,-2.6,0.16
200502,0.64,2.92,2.04,3.05,2.05,0.16
200503,-4.06,-2.04,-1.33,-0.23,-1.76,0.21
200504,-6.36,-6.18,-1.77,-2.65,-2.4,0.21
200505,7.41,5.65,3.78,3.88,3.89,0.24
200506,2.76,4.53,-0.79,2.68,0.8,0.23
200507,6.77,6.35,4.58,3.97,4.16,0.24
200508,-2.20,-1.20,-1.30,0.23,-0.92,0.3
200509,0.42,0.49,0.35,1.81,0.78,0.29
200510,-3.82,-2.43,-1.13,-2.06,-1.75,0.27
200511,5.20,3.88,4.08,3.03,3.92,0.31
200512,-0.11,-0.15,-0.72,0.20,0.07,0.32
200601,8.56,8.16,1.82,4.47,3.39,0.35
200602,-0.44,-0.34,-0.18,-0.79,0.04,0.34
200603,4.27,5.64,1.67,1.50,1.83,0.37
200604,-0.65,1.21,-0.06,3.26,1.09,0.36
200605,-7.74,-3.91,-3.05,-1.77,-3.14,0.43
200606,-0.55,0.18,-0.08,0.94,0.05,0.4
200607,-5.89,-2.20,-0.76,1.42,-0.38,0.4
200608,3.25,2.61,3.38,0.58,2.45,0.42
200609,0.93,1.13,2.50,2.40,2.25,0.41
200610,6.01,4.87,3.37,4.41,3.64,0.41
200611,2.68,2.99,1.82,1.65,2.13,0.42
200612,-0.74,2.42,0.33,3.49,1.27,0.4
200701,2.36,2.36,1.90,1.67,1.84,0.44
200702,-0.16,-0.75,-1.96,-1.55,-1.58,0.38
200703,1.42,0.66,0.85,1.17,1.11,0.43
200704,2.35,1.47,4.84,3.42,3.93,0.44
200705,4.16,3.07,3.20,4.20,3.65,0.41
200706,-0.53,-1.70,-1.05,-2.14,-1.56,0.4
200707,-4.86,-7.82,-1.41,-5.13,-3.33,0.4
200708,1.73,-0.80,1.78,-0.16,1.34,0.42
200709,2.64,0.21,4.77,3.47,3.54,0.32
200710,3.76,0.59,3.06,1.04,2.12,0.32
200711,-7.16,-7.67,-3.17,-5.03,-4.49,0.34
200712,0.34,-0.65,-0.39,-0.44,-0.6,0.27
200801,-8.39,-4.19,-7.43,-4.33,-6.15,0.21
200802,-4.25,-3.69,-2.19,-4.65,-2.96,0.13
200803,-1.53,-0.01,0.81,-1.01,-0.76,0.17
200804,5.19,1.82,3.76,5.20,4.78,0.18
200805,5.51,3.23,2.26,1.78,2.04,0.18
200806,-7.46,-8.54,-7.19,-10.97,-8.27,0.17
200807,2.22,5.56,-1.33,6.96,-0.62,0.15
200808,3.05,7.00,1.45,0.61,1.66,0.13
200809,-11.19,-6.47,-9.63,-1.70,-9.09,0.15
200810,-21.98,-20.49,-14.99,-22.27,-17.15,0.08
200811,-12.07,-14.36,-6.05,-15.64,-7.83,0.03
200812,5.01,5.20,1.81,1.15,1.74,0
200901,-7.46,-15.89,-4.99,-18.75,-8.12,0
200902,-9.66,-15.11,-7.43,-16.48,-10.09,0.01
200903,9.12,10.85,8.15,13.47,8.97,0.02
200904,16.55,17.29,7.48,17.66,10.2,0.01
200905,3.71,2.44,4.60,5.44,5.21,0
200906,5.25,0.85,1.21,0.19,0.44,0.01
200907,6.66,14.09,6.71,9.83,7.73,0.01
200908,1.13,8.75,1.86,9.77,3.34,0.01
200909,6.55,7.58,3.56,4.36,4.09,0.01
200910,-6.80,-9.38,-0.59,-6.36,-2.59,0
200911,1.72,4.09,6.62,3.91,5.56,0
200912,8.38,8.55,1.90,1.75,2.76,0.01
201001,-3.69,-2.78,-4.06,-4.36,-3.36,0
201002,3.47,7.55,3.14,5.38,3.4,0
201003,7.05,8.89,5.34,7.69,6.32,0.01
201004,4.18,9.39,0.98,1.40,2.01,0.01
201005,-6.04,-10.45,-7.44,-7.80,-7.88,0.01
201006,-5.99,-10.98,-4.58,-8.58,-5.55,0.01
201007,6.92,7.23,6.70,5.86,6.94,0.01
201008,-6.87,-8.58,-4.10,-6.29,-4.76,0.01
201009,14.13,11.03,10.04,6.91,9.55,0.01
201010,4.79,3.61,4.64,0.65,3.89,0.01
201011,3.55,3.27,0.53,-0.99,0.61,0.01
201012,7.08,9.52,4.91,10.08,6.83,0.01
201101,-0.33,0.48,2.06,2.87,2,0.01
201102,5.02,5.40,2.62,4.41,3.5,0.01
201103,3.50,1.93,0.10,-1.43,0.46,0.01
201104,3.50,1.03,3.67,1.11,2.9,0
201105,-1.56,-3.40,-0.54,-2.83,-1.27,0
201106,-1.98,-1.96,-1.49,-2.13,-1.75,0
201107,-4.47,-3.41,-0.89,-4.42,-2.36,0
201108,-8.99,-9.86,-4.13,-8.13,-5.98,0.01
201109,-11.04,-10.96,-6.34,-9.34,-7.59,0
201110,15.53,13.23,9.97,11.91,11.35,0
201111,-1.87,-0.25,-0.23,-2.54,-0.28,0
201112,-0.49,1.17,-0.16,1.65,0.74,0
201201,7.95,5.85,5.62,5.53,5.05,0
201202,3.40,2.84,4.69,5.45,4.42,0
201203,2.49,2.76,3.78,5.25,3.11,0
201204,-1.35,-0.97,-0.57,-1.90,-0.85,0
201205,-6.21,-6.08,-5.66,-7.02,-6.18,0.01
201206,5.84,4.60,2.80,4.92,3.89,0
201207,-3.02,-1.82,1.25,-0.47,0.79,0
201208,3.06,3.39,2.44,4.67,2.56,0.01
201209,3.17,3.90,1.86,4.19,2.74,0.01
201210,-3.94,-0.74,-2.64,1.76,-1.75,0.01
201211,0.98,0.73,1.18,-0.50,0.79,0.01
201212,2.63,4.41,-0.23,5.10,1.19,0.01
201301,7.05,5.95,4.60,7.53,5.57,0
201302,1.09,1.00,1.33,1.42,1.29,0
201303,5.37,4.55,3.69,3.98,4.03,0
201304,-0.83,0.00,1.69,2.04,1.55,0
201305,5.16,5.01,2.04,7.29,2.8,0
201306,0.01,-0.31,-1.81,-1.87,-1.2,0
201307,7.41,7.81,5.55,6.26,5.65,0
201308,-0.88,-3.82,-1.74,-4.36,-2.71,0
201309,6.03,5.52,4.17,2.30,3.77,0
201310,1.13,4.07,4.50,3.85,4.18,0
201311,4.89,4.33,3.36,4.40,3.12,0
201312,1.99,1.77,2.43,2.05,2.81,0
201401,-0.15,-3.70,-3.15,-3.76,-3.32,0
201402,3.95,5.01,5.02,3.18,4.65,0
201403,-3.37,1.45,-0.86,4.50,0.43,0
201404,-6.14,-2.89,0.27,-0.70,-0.19,0
201405,-0.64,0.04,2.50,1.28,2.06,0
201406,7.24,4.49,1.75,3.02,2.61,0
201407,-6.30,-5.41,-1.44,-2.32,-2.04,0
201408,5.06,4.52,4.97,4.39,4.24,0
201409,-4.71,-6.43,-1.19,-1.91,-1.97,0
201410,7.41,5.32,2.81,1.52,2.52,0
201411,1.74,-0.87,3.79,0.42,2.55,0
201412,2.38,3.30,-1.21,2.01,-0.06,0
201501,-2.98,-5.11,-1.55,-6.36,-3.11,0
201502,7.47,5.13,6.60,5.41,6.13,0
201503,2.13,1.12,-1.33,-1.23,-1.12,0
201504,-3.16,-0.74,0.27,1.54,0.59,0
201505,3.12,0.85,1.31,0.93,1.36,0
201506,2.44,0.52,-1.70,-1.39,-1.53,0
201507,-0.28,-5.61,3.06,0.12,1.54,0
201508,-8.93,-3.25,-6.25,-6.53,-6.04,0
201509,-7.73,-4.85,-2.25,-4.08,-3.08,0
201510,4.44,5.89,7.96,6.33,7.75,0
201511,5.79,3.67,0.47,1.56,0.56,0
201512,-3.80,-6.76,-1.30,-3.48,-2.16,0.01
201601,-13.84,-6.84,-5.18,-7.99,-5.76,0.01
201602,-0.68,0.53,0.00,-2.16,-0.05,0.02
201603,7.91,8.56,6.60,8.23,6.98,0.02
201604,2.46,3.74,-0.63,4.60,0.93,0.01
201605,2.33,0.23,2.13,0.64,1.79,0.01
201606,0.55,0.12,0.04,-2.49,-0.03,0.02